,alpha,t_alpha,R2,n_obs,beta_MKT_excess,t_MKT_excess,beta_TENY_innov,t_TENY_innov,beta_CREDIT_innov,t_CREDIT_innov
A,-0.0007755487337636965,-0.17695617076864362,0.5271595290586885,131.0,1.23155540154395,9.290589975721119,-1.936253485007393,-0.9244857490178383,3.0862447236843207,1.0259657566723273
AAPL,0.010573167633003951,2.0392101830475933,0.4703165315757244,131.0,1.3078161941918736,8.339428810621133,-1.9998781578130758,-0.8071268599919541,3.601279669102662,1.0119512917496365
ABBV,0.004208528900851243,0.694299843147778,0.1839380989902183,131.0,0.7841965286566571,4.277346078700605,4.057333482748413,1.4006797432719393,1.6943338571709858,0.407250502644778
ABT,0.0010136235990889813,0.2553642576676689,0.41610874492015015,131.0,0.8957388073310378,7.4610080611919,-1.2381630352335935,-0.6527435985841513,2.304755974113528,0.8459685802335033
ACGL,0.008089859213654118,1.4710390471570252,0.214560750964223,131.0,0.6213421572744713,3.735483131103105,5.916942265929663,2.251448194951388,-2.1548820872168593,-0.5708902613699657
ACN,0.000816605144860022,0.23487601722228063,0.6386507571652615,131.0,1.28043257985767,12.176318505601385,-0.5841829856117444,-0.35160646824646685,4.612125201302087,1.932740454006835
ADBE,0.005381210136350121,0.9560150257707145,0.46131839380754625,131.0,1.401915829978187,8.234541598881375,-4.07307833475677,-1.5142197937880326,6.4719966834243285,1.6752087746830098
ADI,0.003355110869186312,0.6502412775949639,0.44105470732446017,131.0,1.0774759869435255,6.9041144315690195,-1.8942979439115981,-0.768240744761078,-2.878982371978644,-0.8129288781222552
ADM,-0.006091910155748274,-1.1229351719263778,0.30154389688548355,131.0,1.0367063784355086,6.3181464342996545,7.68764411830976,2.9653492816842317,5.443159233815993,1.4618342095237777
ADSK,0.0023578905887030295,0.35803565512540536,0.46069509890119764,131.0,1.654148048519546,8.304428068244729,1.0310599160319747,0.3276181263348733,3.642475374009005,0.8058331699475559
AEE,0.0033052771228015334,0.8015962605354109,0.18053001386327672,131.0,0.3626382891376392,2.9077307116985756,-4.89827017101793,-2.4858328914976546,-0.8711617645865006,-0.30781692633675084
AEP,0.0029439047925511968,0.6751430463152706,0.20434717857531248,131.0,0.22830121750701682,1.731063453211254,-7.938516324013656,-3.8097174772510365,-4.964147589471754,-1.6586800073070858
AES,-0.005966862000930742,-0.8394191379016843,0.24598660353664126,131.0,0.8921170061203795,4.149420158687156,-0.8518662226073523,-0.25077582091027706,-4.844008221445239,-0.9928499785796752
AFL,0.002644966932061144,0.6275974497766686,0.41763634454926646,131.0,0.789635772400585,6.194702577160501,0.3099130111781756,0.15387998059556457,-4.203165750693332,-1.4530592603491443
AIG,-0.0021711325792903324,-0.4006509654301683,0.4737803858807593,131.0,0.8662829483815343,5.285332778727548,6.600808533353304,2.5489327335325886,-11.436423586912971,-3.0747935996139812
AIZ,0.004920986195021672,0.9668759991745123,0.16723112073421842,131.0,0.5262166425793001,3.418345329288056,-0.7126420834330119,-0.2930026092720068,-1.853650559628457,-0.5306307165256569
AJG,0.007992393926325237,2.023234854302547,0.38489405456690207,131.0,0.6985005003706131,5.8461352702838685,1.0654670845669534,0.5644049892892089,-3.473616483098041,-1.2811417089914363
AKAM,0.0001422763892898495,0.02023062158845251,0.13633011482458834,131.0,0.8184000735272952,3.8474658430528024,-0.5540520231072176,-0.16485735451984473,5.773344662640027,1.1960511786751127
ALB,-0.005400182806480522,-0.588845777495917,0.33185838441593796,131.0,1.554852383753898,5.605508155419184,1.5073286089500406,0.34393980063708596,-3.749646167711145,-0.5957023011231154
ALGN,0.0031940560510130152,0.32960233848782433,0.3495800662549384,131.0,1.592752691252028,5.434114941966469,-9.522363488850166,-2.0562404407419206,-3.308695245023963,-0.4974511108640894
ALL,0.006213051313455882,1.359722753324066,0.2451495112073998,131.0,0.4861219373476033,3.5174130144695956,1.595566095736019,0.7307042168652043,-5.333543046072465,-1.7006193475021825
ALLE,-0.0019987211243540923,-0.440364833695667,0.49821794818620235,131.0,1.2033315410973315,8.765535430998419,-0.2623035409309194,-0.12093331857240032,2.013379636398653,0.6462967707014868
AMAT,0.0067371557968001075,0.9960312075372739,0.45820812896133367,131.0,1.6322096333513423,7.978201736793152,0.17667145639466927,0.05465679154930175,1.5956986374037585,0.34371075047861344
AMCR,-0.006544640812516117,-1.3889013422113423,0.31161086082299216,131.0,0.8117533224356593,5.695637984756711,0.10029992153817363,0.04454177956697678,0.01496405616758747,0.0046268007519127165
AMD,0.019630061843695378,1.6381965827431193,0.32731341190879415,131.0,2.1483285030330714,5.927584584295269,-7.026427043437767,-1.2270444030194834,4.987943684950769,0.6064734258278258
AME,-0.0003340572029864665,-0.09985468955378533,0.6643466215535347,131.0,1.2442629368482905,12.296811387619133,3.256055439548674,2.0366706543021924,1.0198326876912052,0.4441426092959184
AMGN,-0.0009292930119584203,-0.1652566274351703,0.22068212519490427,131.0,0.9047352340445718,5.319372936922639,1.3494554475765925,0.5021646701148103,6.052745321963914,1.568211019666102
AMP,0.0015623471675316255,0.3379973913834603,0.640000398227986,131.0,1.4819726569368237,10.60006958983972,7.5674852850609335,3.4258534342977334,-2.9353532351882223,-0.9252137141446101
AMT,0.002120323864969761,0.4695798701642803,0.4020790424672618,131.0,0.5435279011875235,3.979805375813625,-12.080090770411225,-5.598334670868408,-3.1047039804654815,-1.001782301847692
AMZN,0.008872659905886312,1.4389391142430719,0.41270134305341377,131.0,1.4697217041575383,7.880547883206739,-1.9860243239015534,-0.6739916806548693,8.771398023688759,2.072541751079921
AON,0.004604425831260163,1.0834481381553402,0.4125176921262024,131.0,0.8398911873719253,6.534139345511183,-0.4283325016111771,-0.21090897705011022,-2.441429514026384,-0.8369947286202275
AOS,-0.0033001334171882724,-0.6912296238382193,0.544095652725421,131.0,1.48703628376837,10.29781609201912,-1.736723066668697,-0.7612070584343963,8.756983605473424,2.6723372639169414
APD,0.003062670321292015,0.6766373005945309,0.3775666578844157,131.0,0.6667413892193021,4.8701890774709025,-4.606671212482538,-2.1297287408003185,-6.327767382679301,-2.0368173101106146
APH,0.005264821003557751,1.6507081935266628,0.6787527784407825,131.0,1.0872658120891592,11.270810567023876,0.26109674637952207,0.17130480556036934,-3.522389118638933,-1.6090513866691156
APO,0.004042501619390296,0.6166718726271841,0.46875131618602583,131.0,1.3570712043170194,6.844461648219985,-2.675160213650327,-0.8539552717863838,-6.9208789291897626,-1.5381938688238883
APTV,-0.008508884571586531,-1.2629935009092403,0.542707101128239,131.0,1.6334963215477762,8.01639975248958,-1.1276543059551678,-0.35025621956245523,-8.169634093721541,-1.766757630250242
ARE,-0.0034220504792419875,-0.8491863034417217,0.5592528399976268,131.0,0.7744140116991296,6.353638377190924,-10.929014024967184,-5.675170873096721,-6.811800709909389,-2.4627730314648875
ATO,0.003275687294839313,0.8108992288042844,0.2914837505495962,131.0,0.5569370405641872,4.558303894053524,-5.854436864045004,-3.0327105890375132,2.1621370436693663,0.7798185382097282
AWK,0.0049317823265527415,1.1899031727720286,0.3577930863931882,131.0,0.4014180939433554,3.2021184180575912,-11.123120128549239,-5.615853111945169,-1.648431016822652,-0.5794612336928906
AXP,0.0008743191474786062,0.1855662075956535,0.4992956310829907,131.0,1.1464079519493953,8.044532565478162,2.8646528938250633,1.2722788247134873,-2.284256197386484,-0.7063494333356998
GOOG,0.007013893920235872,1.4548066144883123,0.39114598770989195,131.0,0.9504721379824955,6.518057477617775,-1.6288466351711675,-0.7069808634613951,-0.8330688633788024,-0.2517519614606095
GOOGL,0.006865817198842748,1.4191030486157559,0.3888777777080089,131.0,0.9572938916658703,6.541836809080569,-1.6221072168469877,-0.7015887928515459,-0.5155739231516691,-0.1552596227885404
LNT,0.00287877985370527,0.7030647135567567,0.25296978728523356,131.0,0.3914266044369841,3.160602714007766,-7.009760583438075,-3.5823781012732,-1.8099975495142784,-0.6440368543758612
MMM,-0.007267329530069102,-1.595789464606247,0.42390108964475837,131.0,1.081465219732839,7.851380386918492,-0.21682634333332573,-0.09963092803091517,3.6782150400368265,1.1767487417885114
MO,-0.00327322931309504,-0.6167813386816784,0.19092518809430847,131.0,0.8019271841700608,4.996000241341791,4.1564859217441805,1.6389378951368432,5.734250706848256,1.57426324803715
T,-0.004583590105313097,-0.9668590280947121,0.177713206180953,131.0,0.46383879520219173,3.234872553293207,-0.7641832306825306,-0.3373154833972305,-3.206115373361815,-0.9853316128362324
ADP,0.003947883449625099,0.951651662434784,0.37810568707024905,131.0,0.8719639309420526,6.949361916125075,1.4679605217936966,0.7404733857402561,1.403152396121484,0.49279287105562597
AVB,-8.996095618079643e-05,-0.02351473611139771,0.4779898244064831,131.0,0.554549120491074,4.792463224050282,-7.884223332375699,-4.312472652691298,-8.972233889346251,-3.416901971134208
AVGO,0.022200930656929165,3.05262081065973,0.23635606170202839,131.0,1.0782638307823582,4.901843475495296,0.6966908670824112,0.20045790508833108,1.5238004804386263,0.3052640578493076
AVY,0.001829347092025792,0.40871301064330956,0.44856724820262406,131.0,1.0492878437665853,7.750856771524417,-0.7748450400688701,-0.3622585092888561,0.9879591705397642,0.3215934775214025
AXON,0.027589057284635496,2.216544988348329,0.09616268644168668,131.0,0.9649947111530915,2.5632876446436987,-4.896060871557354,-0.8231289717405071,0.07030625597817158,0.008229615543057232
AZO,0.009235999257142665,1.8055193556663975,0.23666607721893207,131.0,0.6538495143728544,4.2259931261646315,1.9878754214294991,0.8131839774950284,-2.5766975147775697,-0.7338842787180797
BA,-0.0018156670000411873,-0.223906691821328,0.3374169967394912,131.0,1.0417586494701299,4.247473809582772,-4.867371627481511,-1.2560495406244976,-12.955990007190172,-2.3278091126241494
BAC,-0.0029165922996955192,-0.6041714368297595,0.6049303398864019,131.0,1.4232190369571154,9.747403187399794,9.861444779803806,4.274707483682221,-2.3171549775049494,-0.6993352713442379
BALL,-3.88161965885127e-06,-0.000720061187800684,0.315410601631232,131.0,0.8037786047207444,4.929757849415934,-6.649035365310566,-2.581050229845265,-0.22863381069360053,-0.06179349584061474
BAX,-0.0071386882888249455,-1.2908580973510435,0.2216005673556286,131.0,0.7052040261626412,4.216067827822672,-4.4312459157395905,-1.676746183222888,1.523385550109055,0.40134310181274957
BBY,0.0022377483229017122,0.32380707044115226,0.38427078420252814,131.0,1.2383291997835628,5.924393850161611,-0.1059463919337957,-0.032080612246145744,-5.445512077219879,-1.1480470825374018
BDX,0.00017772000322097812,0.04055092348136877,0.24112413795852838,131.0,0.6648611939845972,5.015660627342819,-0.5821665166826284,-0.2779668782194292,1.683653832884115,0.5597100775849996
BF-B,-0.004201589143623114,-0.911739260307787,0.30501853542952384,131.0,0.7089422815685604,5.086284799366447,-4.089898852257857,-1.8571673132065822,-0.2931625016776921,-0.09268541090293347
BG,-0.0052142881620880705,-0.8201229160532347,0.21682229594950286,131.0,0.8030928647150031,4.176210757950688,6.848241917434445,2.2539506459764893,-0.48044811221646067,-0.1100972057300284
BIIB,-0.006433370609781636,-0.7742059228995762,0.0216201771348139,131.0,0.41012861188081046,1.6318142016043224,2.5065553376781424,0.6312139750051442,4.457280277189337,0.7815085775000761
BK,-0.0017456906007284453,-0.40378253943617626,0.505512166370763,131.0,1.0743163441744839,8.215711228782341,5.286906037182161,2.558958501757273,-1.4185545828156467,-0.4780487634232672
BKNG,0.0022224318306122842,0.3703022171095353,0.4326155822662259,131.0,1.309369591785596,7.213114665277135,2.9857746499652302,1.0410372747372498,-1.4969149670336155,-0.3633882504202421
BKR,-0.005303983510598113,-0.6046509532913974,0.32040057662882515,131.0,0.9448153391132855,3.561084128132902,7.43819449088019,1.7743998672746846,-14.963961742821752,-2.485392894557865
BLDR,0.01617301861453354,1.3366688683026964,0.31528201779540654,131.0,1.8687118158585991,5.106317326198896,-4.085781497247345,-0.7066254481417897,-7.075312611520574,-0.851969929660387
BLK,-0.0017884024777362645,-0.47848985687425083,0.6744639588728916,131.0,1.4158467989481205,12.524386398949268,-0.060216135335891575,-0.03371333700486174,1.6304139123074708,0.6355522083334849
BMY,-0.004056945880783486,-0.6981444333247152,0.1251815399375802,131.0,0.677722091237681,3.855941434408759,1.636988234929685,0.5894853454650874,4.872789944011482,1.2217142569700816
BR,0.007321744032187889,1.771608985250394,0.4758486709272768,131.0,0.8312739542211058,6.650131408709474,-5.896123131400748,-2.985391325659894,-3.4243167757755897,-1.2071831151996488
BRK-B,0.0021990735281441354,0.724919811479739,0.562438630686369,131.0,0.9631973052157022,10.497797682154303,2.4900358569867733,1.7176600269365854,2.815947360271867,1.3524481893072036
BRO,0.008508830813144892,2.0479220671155236,0.36015664919055257,131.0,0.6957463533923516,5.536396655930198,-1.8551543821235026,-0.9343400898881646,-3.050745831753347,-1.0697824044225361
BSX,0.00855861810689027,1.8345537009004307,0.3001530321085537,131.0,0.737835485508967,5.2290048018977995,0.07830485913012947,0.03512342696087215,-1.5932388468862475,-0.4975692743858536
BX,0.00393642158055092,0.7008439150583561,0.5324732163670906,131.0,1.3203500753899764,7.77215618030144,-7.709123013972977,-2.8721430619687434,-4.08601787158656,-1.0599023408248642
BXP,-0.007908305953812972,-1.4045276674766145,0.39620986807038716,131.0,0.7744379833463949,4.547431887631977,-7.323372947709991,-2.7216945085402835,-10.234434983546228,-2.6482354436325006
CAH,-0.0032044914813990615,-0.5584211561811642,0.2737440561074026,131.0,0.9975028729762364,5.747111444968172,6.357525202623861,2.318313809889905,3.834090645820707,0.9734440722887987
CAT,6.728372453325085e-05,0.011626939336311017,0.42805020381032954,131.0,1.4141363226789374,8.079405050114724,5.936292042836026,2.146604475844453,4.583141677191511,1.1538903772495313
CB,0.003218849818742051,0.7621745801357346,0.314800171648399,131.0,0.5991842564930515,4.690799402825682,1.778518676405291,0.8812387091624245,-4.22810026490272,-1.4586292220713069
CBOE,0.00822022372511874,1.5857637106574258,0.137764836115997,131.0,0.28539612040811313,1.8202692145184314,-2.742916751925733,-1.10725806937306,-6.702723213840655,-1.8838746825602426
CBRE,0.0037620153264579415,0.685668538275556,0.5400218333423852,131.0,1.2597007054124247,7.590908491281368,-2.163089807436471,-0.8249917441682973,-8.370655978513565,-2.2227931096235842
CCL,-0.010098270987848162,-0.9752543378650894,0.4155035457153877,131.0,1.8899569963849003,6.03469762076075,4.027284673392131,0.8138878943235266,-11.391536108514318,-1.6028727568123093
CDNS,0.014681540875822545,2.9423987425190545,0.43044062847622133,131.0,1.157521444237392,7.669934492908043,-2.4794645314139947,-1.0398463638651252,3.6470148625613787,1.0649109859994317
CDW,0.006983633265354027,1.428819829016438,0.41863604775430074,131.0,1.0735247052179675,7.261741894447099,2.7562627629015046,1.1800435929145539,0.08463362829788834,0.025228120108739482
CF,0.0010913900565194682,0.131906655471759,0.2358876741933823,131.0,0.8468737812051855,3.3840605508374098,8.880099880903268,2.2458769427470537,-7.125267644946906,-1.2546823392758941
CHD,0.006667485120708891,1.4759128106532544,0.18452326080040193,131.0,0.28047604732627535,2.052707868828858,-6.652541467707155,-3.081538706906011,-4.491483487165875,-1.4485528370394647
CHRW,-0.001368659245677699,-0.25778228901139877,0.23993613017585125,131.0,0.7474072332699196,4.654229111987078,-2.3317139312919357,-0.9189976427405371,0.6400816283927235,0.17564629320819683
CHTR,-0.0004839026738516519,-0.07101941560388944,0.31270772947143344,131.0,1.1607313505128798,5.6322705543089615,-5.042226760755101,-1.5485414518716325,3.097337790167469,0.6622981322672533
CMG,0.007401522954642712,0.9662588327187462,0.2429486243570037,131.0,0.9924693222227823,4.2837310815802745,-4.931051463147956,-1.3470797614055843,-1.9805773616129443,-0.37671254562562784
CNC,0.004625594659705127,0.6361753054196798,0.13568792148680442,131.0,0.9356842970364003,4.2547230558239395,2.0620097861054187,0.5934461898234235,11.905675299785813,2.3856633271210126
CNP,-0.0009407822498642207,-0.20800857092379385,0.3752560992877746,131.0,0.4577554100795818,3.346249527492645,-2.7574543599170074,-1.2757977683605277,-12.186792667286257,-3.9257932558435877
COF,-0.0003907062154999984,-0.06856650375964435,0.5136466488691398,131.0,1.1758212706575533,6.82237706719039,3.3841896363135353,1.2427900449852682,-9.993518559149566,-2.55520644842187
COR,0.002531694183156368,0.47066492040230157,0.1973908799340437,131.0,0.8571342438868709,5.2684414103988,3.8763379443826476,1.5080078734389621,7.507374522050606,2.033454951283275
CPB,-0.003993732504700008,-0.7914303322416147,0.08714341447227236,131.0,0.4970548912335597,3.2566477872855875,0.9441610446113706,0.3915265210714945,7.704136209338335,2.2243522165150282
CPT,0.0012950434108388075,0.33638981331219764,0.4887983134110103,131.0,0.4403537801666023,3.781751255234916,-11.01324876547174,-5.986256865378256,-10.619684925201852,-4.0189816909712714
CRL,0.0015800172718255915,0.24695652779046454,0.4043403876332545,131.0,1.160288596206311,5.995941974213995,-7.188687677408203,-2.3512005848907807,-3.26308485028523,-0.7430754777061304
CVX,-0.005545075369478185,-1.031097964359666,0.41724040034948984,131.0,1.0230505586622427,6.289589397334971,6.216793365445685,2.4190246736573213,-3.93520992695107,-1.0661204343435746
SCHW,0.001570540223900088,0.2504202735224091,0.41134585568869453,131.0,1.0858556375374055,5.724337532454875,12.472658686968808,4.161604932062774,-3.946467494332118,-0.916800493301653
C,-0.006470004583825326,-1.2342549344946743,0.5880079499399666,131.0,1.3877473508209408,8.752727593114738,5.976889878439789,2.3859257690085327,-6.749980316722426,-1.8760684362300437
CAG,-0.0044784138535106195,-0.7686318076545978,0.12215701884800878,131.0,0.7254562699569376,4.116594487155998,5.634274841621457,2.0235481642314244,8.77415515320429,2.1940439568746806
CCI,-0.0028348424323562673,-0.6396629644398297,0.4403435961927348,131.0,0.609240183806625,4.545101055505521,-12.842596180340552,-6.063962379888277,-0.030922570932308324,-0.010165851529749814
CI,0.0020992205589148247,0.3345350836996968,0.1969055446575304,131.0,0.9474497253317126,4.991976072507646,10.538003382043488,3.514174496171865,9.71247427178866,2.2550665714041767
CINF,0.003722540694378453,0.6666118510007095,0.18717075308361708,131.0,0.6288830495657677,3.723369929225343,0.6408453420196095,0.2401420412334913,-2.065490647003645,-0.5388931899610225
CL,-0.001909367726014501,-0.5393085762632135,0.27116553133765664,131.0,0.5262011477361579,4.913967296164756,-2.8711893878828394,-1.6970357021069236,1.0871110712051222,0.44737071779771387
CLX,0.001049404132628563,0.20788325795788481,0.16056248794109884,131.0,0.4577606737293273,2.9981126411628476,-5.389279837394341,-2.234029321455154,4.353992976550186,1.256638482106295
CMCSA,-0.004968336703555234,-1.079887341068286,0.4286102628596482,131.0,0.9446751206011414,6.788637663109547,-3.2837160078081014,-1.4935315792925439,-1.3688036742623022,-0.433465441686433
CME,0.005107931563336152,1.1251562804594315,0.1305772659022979,131.0,0.4120205847434769,3.0006781403123206,0.9509502005824335,0.4383358008443366,-1.37835446537721,-0.4423587099472107
CMI,-0.0005381549432405462,-0.10882514590380177,0.4300960388439288,131.0,1.076471890917661,7.197096730153771,3.098471096560437,1.3111451210572835,-1.0988683686700391,-0.32375276262555375
CMS,0.004684098355653425,1.1776708946422774,0.21452127044981428,131.0,0.21350086834755472,1.7747218793398325,-8.181420257069046,-4.3043544571144965,-1.6669068736651862,-0.6105976944849538
COO,0.0021524179328405533,0.4289704947482318,0.3868987022850311,131.0,0.8224372755651141,5.419214325938929,-7.742663633960548,-3.2290338838154002,-2.2205535378018117,-0.644774651073021
COP,-0.0009496472749423547,-0.12682648063339436,0.38028028611378406,131.0,0.9041551000662709,3.9923009561570644,10.25641247308966,2.8663187373600443,-13.286623888325622,-2.58528331138035
COST,0.008383427929685794,2.1591473313135783,0.4481494702828699,131.0,0.9245364143414053,7.872585490023594,-3.6057369786255835,-1.9432831106915556,4.700107647927133,1.7636578428763836
CPAY,0.0039644980473566745,0.664817302548159,0.42858222810514823,131.0,0.8306545321702488,4.6053990405231255,-4.931622827849077,-1.730554773036345,-14.105273022142253,-3.4462080209751598
CPRT,0.012034956011384644,2.282160105407819,0.43618533974230056,131.0,1.100165449282636,6.897509785721765,-4.0087394179186635,-1.5907092926306814,-1.4430829533599652,-0.3986931600483082
CSCO,-0.0019140079358592995,-0.4083432835736463,0.39792489368403194,131.0,1.17919516533798,8.317639512987185,4.709026455399679,2.1022976392875483,8.132171846871788,2.5277499855239953
CSGP,0.004280863245418246,0.7241967514715322,0.3106949082387803,131.0,0.9469964329593187,5.296711064400174,-2.668556381622547,-0.9446762367984028,-1.488299381571558,-0.3668270944732783
CSX,0.0007692437908800246,0.15857846364752845,0.4913155864475476,131.0,1.1833344579870233,8.065298384111443,1.479357088024672,0.6381673972327507,-1.5738360645078935,-0.4726999822779431
CTAS,0.013105615363037242,3.318326016045501,0.6195431921481789,131.0,0.8892047375247991,7.443824471420991,-3.796362885529919,-2.011456954047666,-11.873844556409136,-4.3802498151988045
CTRA,-0.006419011494996248,-0.7538686163831485,0.06125094595736036,131.0,0.6986451233234787,2.7127942988763794,8.241268543043942,2.025363439853483,12.1911590234482,2.086019641814133
CTSH,-0.002754878435456331,-0.5309708799855681,0.39748676978457553,131.0,0.8639994570762007,5.505724238496356,-2.108268644800686,-0.8503067050981471,-6.698306943097665,-1.8809584212046357
CVS,-0.009293260228948802,-1.5008720084895841,0.17412707202078892,131.0,0.8490966199779559,4.533831685247648,0.39898697824807366,0.13483904599531646,5.832356475109129,1.3723519585531414
D,-0.0050204865739754065,-1.1789371628264824,0.20252973147451603,131.0,0.37460916627100427,2.9084122776436208,-5.182352620083093,-2.546555805026035,-2.837672456935388,-0.9708519321131289
DAL,-0.0023190786407599542,-0.29776031624826554,0.3216067652125483,131.0,1.326551694827203,5.631294515722832,7.506873068642236,2.016934540192407,-1.1842138883495779,-0.2215273629667864
DE,0.0036937447911048475,0.6658060174957457,0.3592581221140365,131.0,1.1424500129490631,6.808489290317909,5.716695618479737,2.156290596676882,2.7811777614237374,0.7303910868522517
DECK,0.01698000793323147,2.1925777039965104,0.20575819962643427,131.0,0.8466346756648211,3.6144804343331183,0.3224246317699303,0.08712177336902015,-5.39351825978723,-1.014694122080916
DG,-0.0010855010578504941,-0.15989023312312248,0.08071523593341445,131.0,0.5811755039052723,2.8302950193144243,-0.31010000441260854,-0.09558172119177667,3.4437982940624274,0.7390524784930709
DHR,0.005131934717041564,1.2520945679238729,0.43912891531449705,131.0,0.7964911842415887,6.424949273427507,-5.8414830782872,-2.982363125236286,-1.3491569273125577,-0.47958364310248064
DLR,0.004437220439785561,0.8611151428721683,0.27371724430209465,131.0,0.6739364289871295,4.324161199138629,-7.427480364025515,-3.0162902038185893,6.24214906546823,1.7649412101804967
DLTR,-0.0025869591315057956,-0.342781941928549,0.1470413367641633,131.0,0.9331706500873455,4.08810610818535,3.1732005901017235,0.879847254255926,4.919194220296234,0.949660169501434
DPZ,0.00875634447738136,1.3089777287573727,0.23687170801233637,131.0,0.80769220536319,3.9919770166422732,-8.26433551379219,-2.5852273920659505,3.0647716991364793,0.667503326036298
DRI,0.006845989910877625,1.0679164335309488,0.28909372382682197,131.0,0.741653796133763,3.8250310105748104,-0.06285469305424937,-0.02051729555072623,-9.275432530546244,-2.1080507989836668
DVA,-0.0014114119052185423,-0.21196634329841033,0.316847663887983,131.0,1.167292937648913,5.795964421278222,-2.0019646457542937,-0.6291452538563044,1.2429940737691891,0.2719744304281359
DVN,-0.008423202384542822,-0.7508694693065336,0.42962355113456496,131.0,1.7318238694482555,5.104152636086126,11.136413128373158,2.0773703742736243,-20.26961357584776,-2.632561746190434
DXCM,0.014330602227908206,1.1610959598838582,0.12068220589125334,131.0,1.126973991222899,3.018910843036261,-6.6877925050268905,-1.1338819771874211,4.356065848135661,0.5142141165402442
ED,0.0019017321847928188,0.42635656432180286,0.14507699540789054,131.0,0.2189385177917776,1.6228504211101666,-6.904487961566233,-3.2391903043656955,-0.3611293357257657,-0.11795931799656881
FANG,0.006805350811910193,0.6813737531813137,0.354794228717382,131.0,1.1116405251727997,3.679865749865918,6.415709524000443,1.344190943521289,-20.552494653981057,-2.9980944677201173
GLW,-0.0004423963687555384,-0.08688944958179871,0.41381670868128795,131.0,1.0757219424867288,6.98535113015048,-1.112763685766394,-0.4573406730685537,-0.30283046913967787,-0.08665646093826374
KO,-0.000808871744623685,-0.22949048823486534,0.2890119692517955,131.0,0.49220735967929974,4.617063521950284,-2.160370712476634,-1.282610218738958,-2.148839775210096,-0.8882494467845475
STZ,0.0019726542985951936,0.40017263816153026,0.3137973186370394,131.0,0.7799919129111169,5.231415666666216,-1.627434559926699,-0.6908461334707706,-2.1303516107976836,-0.6296418446903597
DD,-0.008430769063368688,-1.4599401273314327,0.4708607371224002,131.0,1.36920003689755,7.839122950955822,2.2386784662332895,0.8112243234103064,-1.256571242121675,-0.3170303609184485
DHI,0.007408290550145821,1.1645768149729496,0.5113325328517526,131.0,1.1267629900027132,5.856193631516315,-13.025839607880759,-4.284866038788625,-12.048909226877747,-2.7595848491256554
DOV,-0.0013372728829738752,-0.372295140252869,0.6733462038614375,131.0,1.2872314890699093,11.848318109950128,0.05132970299810797,0.029903186547972888,-1.1910078975317486,-0.4830897877848939
DTE,0.002142684118636633,0.5651458565737075,0.28855334015807377,131.0,0.3791321630643099,3.3061743135294637,-5.279857650051445,-2.914110398500778,-5.41621307670445,-2.0813447654423185
DUK,0.0025457532681022257,0.6422904821187747,0.2311548923052532,131.0,0.06460461563721556,0.5389040469840946,-8.877301865190553,-4.686812225423708,-8.48297956215374,-3.1182396077029844
EA,0.005838963598876613,0.9517267202954635,0.2818377434735675,131.0,1.0306776201423895,5.554334902952354,-4.052407519762233,-1.382200345051124,6.7467657327826505,1.6022047382130433
EBAY,-0.00012810834279602495,-0.021134779576622353,0.43541794587217064,131.0,1.1752872493996402,6.410576034889549,-4.735993321844797,-1.6349812652253815,-4.958386740243494,-1.191808815769263
ECL,-0.0018374957177949157,-0.49995435264443266,0.5487693372694615,131.0,0.9965554937212464,8.964750916148738,-1.4370089164716082,-0.8181724859853707,-1.0103959630134896,-0.40053595442288487
EFX,0.0018098131476987592,0.34644454007485387,0.5850669317210692,131.0,1.2162641750900953,7.697693571928935,-13.340527129616245,-5.3438512715034365,-4.572271797367885,-1.2751988368506537
EG,0.0027524564524923872,0.5305853336966131,0.16265933909784736,131.0,0.5473813600645894,3.4886508802094887,3.717263873009292,1.4994761595410524,-0.8378272371731127,-0.23530716202043647
EIX,0.001453479943410333,0.2708740921362729,0.27526595318000313,131.0,0.3987085200875857,2.45666909990798,-9.012960921467283,-3.51485410671381,-9.65564235883626,-2.6217150264368376
EL,-0.004233801328241057,-0.6577319286037836,0.2757163091513235,131.0,0.795166451226812,4.084220866129664,-7.764893324872288,-2.524267252136372,-3.285429176576513,-0.7436292188792503
ELV,0.004186865692055095,0.7550442520853006,0.2754946677037001,131.0,0.9244549695326955,5.511906718116225,5.596339612711522,2.111878007156018,1.9910103607738099,0.5231217565587314
EME,0.008719923446752546,1.6180661735335489,0.4316943200519946,131.0,1.2704515569060215,7.794251908220153,8.611400881249178,3.343788528171733,3.106567510291278,0.8398665585420225
EMR,-0.0054820459275373035,-1.296703606668227,0.6143134957297949,131.0,1.3383137605524962,10.466192400037256,4.467842098798919,2.21145066331206,-1.2661752601778367,-0.436352792103803
EOG,-0.0022244465530808243,-0.29102255600304544,0.40914286553947066,131.0,1.1075278509099633,4.790623638514562,9.818737009306712,2.68807692518333,-12.594022876805232,-2.4005736775377122
EPAM,0.00907315825121308,0.9294477474220497,0.26884876171687133,131.0,1.289660334448493,4.367918814420759,-3.400172744079944,-0.7288679687060381,-6.89764458529522,-1.0294688086625021
EQIX,0.0064021828879169546,1.4978755178027492,0.4041731909891235,131.0,0.7437966957381736,5.75353305424031,-8.412050371291372,-4.118422524574618,4.634534107622537,1.5797909274544204
EQR,-0.0034550104115476797,-0.8273087290788488,0.3783763647537649,131.0,0.6488411698954657,5.136761081131404,-6.239456310713458,-3.1264132601145307,-3.018670089938467,-1.053124664935875
EQT,-0.0025027538331969137,-0.18849068364642171,0.10734917613194805,131.0,1.2223253058757373,3.0436259555674434,11.089603634559467,1.7477091821416442,3.716338378215971,0.4077865442121795
ERIE,0.010290128488150748,1.5953705944434426,0.07899045950581751,131.0,0.5193615036827152,2.6622158357154864,-1.5472046757193796,-0.5019609634845065,3.3314629491490733,0.7525262598128161
ES,-0.00015868126007802968,-0.03647158739933728,0.28688369902456534,131.0,0.2802483323222765,2.129633079369052,-10.203737286742365,-4.907605942512612,-5.686784481275918,-1.9043276870656518
ESS,0.0014355550767116336,0.33089048665982645,0.379202326942926,131.0,0.3961557884069888,3.019000251807635,-8.33509358523522,-4.020279911152608,-11.03937473853344,-3.707274843709456
ETN,0.0015167166130299482,0.3605232699387624,0.5510506539591871,131.0,1.2674937235017796,9.961102217497485,4.081653918167788,2.0302355386745474,2.308403071644725,0.7994409449709478
ETR,0.0045777721589509955,0.95385081683299,0.23438285631980826,131.0,0.2965627819448433,2.0430342671582498,-6.128187284422469,-2.672019981476122,-9.278947845284804,-2.816896580523008
EVRG,0.003056141990624604,0.6878943892179321,0.24171542413990998,131.0,0.21583728502877111,1.606228879691049,-8.25380989634009,-3.88762253361034,-8.43811219193639,-2.7671928130920525
EW,0.009544431460145211,1.3392640590211349,0.2605838884595314,131.0,0.9154907284648599,4.247201077241683,-7.051982101281074,-2.070659749639064,-1.9207621604954257,-0.39267714836519785
EXC,0.002102785394748514,0.4675866083602363,0.17347274490600473,131.0,0.29589269983711103,2.1753747571651703,-4.35848378075644,-2.028074649586589,-5.60667493131804,-1.8164287871131264
EXPD,-0.0008858393359088325,-0.19967120717727058,0.42578539819005257,131.0,1.0488875480574746,7.816676407522789,-1.581992485123213,-0.7461846110994563,4.240274464153923,1.3925164597005966
EXPE,0.002486635119325214,0.3021534097208431,0.3834790931243449,131.0,1.2412465575271419,4.986619317661986,-3.2972422549825398,-0.8383930761053109,-12.90717847639626,-2.2850338521954217
EXR,0.004985600865095814,0.8640651123576637,0.2804601624462689,131.0,0.6075144627996155,3.481114484689869,-10.904651954300654,-3.954778474973469,-0.2566795718144108,-0.06481360170975806
F,-0.011081417354550017,-1.5507886526647732,0.4037059662267386,131.0,1.3320557908173325,6.163287675303566,-1.554236314272897,-0.45515125477118096,-5.668343578439732,-1.1557379012382776
FAST,0.00015154245470283805,0.030431518967239377,0.4213591622215562,131.0,1.1531923492342009,7.65638540418929,2.817609118927255,1.18399930254259,2.0354750651010503,0.5955263547638203
FDS,0.003994737295929184,0.9806352711027801,0.39743870340572285,131.0,0.9070136739066927,7.36149194866699,-1.219738123386643,-0.6265666472193473,3.4509983213794904,1.2342692803746234
FDX,-0.004483643127970541,-0.7430418040322355,0.4327450006346034,131.0,1.4523227310248978,7.957526004171415,2.7599502482819083,0.957116610357101,3.4935132111564426,0.8435104875333176
FE,-0.0012942603700916364,-0.25586107384938905,0.11675087415870666,131.0,0.3985083229821106,2.604669848359359,-3.608625746082699,-1.4928143388056574,0.07294171823999729,0.02100895451950813
FFIV,-0.0005281833954649577,-0.09448965908523342,0.3584436451786893,131.0,0.9821163305997302,5.808917279287253,-0.21461672788608538,-0.08034234375001968,-3.0327067304738375,-0.7904526131902293
FICO,0.020189555238669186,3.4086472824636243,0.45758893130988765,131.0,1.1591266406966987,6.4702181138838855,-8.878953956979405,-3.1368843368909864,-3.5257101653071365,-0.8672569850313321
FIS,-0.0020116798651643344,-0.3627356684854627,0.30413412057073086,131.0,0.7855443804409573,4.683115201804931,-4.286556657364598,-1.617414572424374,-3.6854941738694262,-0.968217680762645
FISV,0.008125744798887839,1.8811588553417666,0.3881107466222524,131.0,0.8747109667161308,6.6951388133604866,-0.7508825243035427,-0.36376061826379547,0.08050282443872629,0.02715309237706583
FITB,-0.0006621812810321503,-0.11243021838297146,0.49252766831620065,131.0,1.0301876971854436,5.783027203295183,6.6050069936790505,2.3467175761492007,-12.135409412816463,-3.0019708707600543
FRT,-0.004895751731024472,-1.016483407479817,0.43153121698962416,131.0,0.7099926632245183,4.8737976048214975,-6.110765968141301,-2.6549597945400065,-9.811698007614233,-2.9680483192626093
FSLR,0.0072544279794972966,0.5951273800090496,0.18048961634867156,131.0,1.2657749931509448,3.433175390867433,-5.240131267507211,-0.8995603689842938,-5.147222892896383,-0.6152131637066063
FTNT,0.015538612888911861,1.9166177513569058,0.22687544575317276,131.0,1.3749955764986108,5.607345050664584,3.8861868002502864,1.0030632541245157,10.77236485771645,1.9358878755226856
XOM,-0.005129902461559618,-0.92292557845212,0.3603580497946476,131.0,0.8757409327060544,5.209138993884759,7.766806824336398,2.9240276026811385,-4.223789289224566,-1.10714806629565
BEN,-0.016430178454495452,-3.018965594308388,0.5004144115416662,131.0,1.2994523859521732,7.894215459094511,-0.6767354558536995,-0.2602053391882226,-3.22049855182946,-0.8621540602718387
DOC,-0.006069597469821521,-1.19549205372441,0.41411580608354426,131.0,0.34061102288985073,2.218085199041874,-14.102279103034322,-5.812426834793307,-15.087236023022486,-4.329546164263598
FCX,-0.0033950870722710934,-0.26907342815427215,0.303752570841498,131.0,1.8570905507443045,4.866152294743145,6.067702146724345,1.0062955185147548,-9.094868741184499,-1.0501763099397654
GD,-0.0008473518838726062,-0.20214579483898915,0.38813831214892625,131.0,0.9721598541236914,7.667809527129113,6.927032408580736,3.4580360875367804,5.010750906266079,1.7416047967757564
GE,-0.004977300652070706,-0.6520906239955181,0.2733918392206084,131.0,1.240497533498796,5.373320030056818,3.4166143531298654,0.9366803975395859,1.1118199571010017,0.2122239691427794
GEN,-0.006433166705344417,-0.8562982347241949,0.26323142689123336,131.0,1.3179778549159997,5.800174743147974,-0.8912870655711262,-0.24825570463481073,9.501429515449507,1.8426170295101245
GILD,-0.003899403843846879,-0.6378008949832217,0.10910374981386894,131.0,0.6858277846050634,3.7088110304283703,1.3853167825077277,0.4741517896562628,7.204802134788981,1.716938952623151
GIS,-0.0017762590575196675,-0.4020223047693007,0.09380255409772786,131.0,0.43602415015623125,3.262774875155235,-0.06874015275504824,-0.03255635130261673,4.969596000766966,1.6387428680045586
GL,-0.00028476915712840446,-0.06106819560955397,0.3595477788323095,131.0,0.8136655949379277,5.769003632988355,3.739102489813395,1.6779186350838218,-2.571890794130457,-0.8035641419777502
GM,-0.0056707295709370635,-0.8826828143989538,0.44283671190832097,131.0,1.3415645526522675,6.904147012506336,4.651123887895422,1.5149734835110444,-4.300760418610605,-0.9753418757292333
GNRC,0.005497877394200625,0.555653939236048,0.2565392410164882,131.0,1.1146617995479813,3.724647575341192,-11.737406183930597,-2.482349175040115,-6.480042388909973,-0.9541860880346569
GPC,-0.005170713670410416,-1.059683706332129,0.3946779538252019,131.0,1.0024014349713368,6.7920389641415415,4.469615078235843,1.9168021179204562,-0.2964921483721018,-0.0885288557475423
GPN,0.0042219846623362065,0.6522681831475238,0.28005547679958187,131.0,0.8198660393786864,4.187792573007126,-3.3737723044585595,-1.0907034877306283,-6.275902279377839,-1.4126403354485773
GRMN,0.005404777010521984,1.0208355239863454,0.3553170055508087,131.0,0.8541272819195231,5.333758028744689,-1.61358424838267,-0.6377508254938233,-4.832124229516066,-1.3297254215005203
GS,-2.3822248475271496e-05,-0.004950155888970772,0.5677645330597287,131.0,1.3023370588394532,8.947305083199456,5.251150884575875,2.2833475072468183,-3.6948074739301235,-1.1185974516895398
HAL,-0.007934730126415298,-0.8575148945417539,0.466884849871088,131.0,1.3697145701102882,4.894094028702846,12.10795386229569,2.738177888397776,-20.60681704701959,-3.2446384755156674
HAS,-0.005241864324108796,-0.8086161998536328,0.18220076978036404,131.0,0.9174385088906122,4.679143333446055,2.388340000376962,0.7709641859142797,5.2564028023972975,1.1813842771132328
HBAN,-0.0025171851293486983,-0.4608446109896241,0.48383582245042833,131.0,1.0595106204158866,6.413238511561475,7.936705904400513,3.040612197618363,-7.505112687052438,-2.001900370033569
HCA,0.005971099884121685,0.9452236663054483,0.4354874744182565,131.0,1.1974595065814742,6.267203670139361,-4.088276702072604,-1.3542595987049186,-6.5217293618882355,-1.5041422481343314
HD,0.004965585222068729,1.256835870053698,0.5282662319346134,131.0,0.9250939604013014,7.741528095246185,-4.531851654469066,-2.40029821419866,-3.329843392524176,-1.2279419095875264
HIG,0.003922385027760409,0.8138649711521648,0.3848934441507682,131.0,0.6989271897515382,4.794759095376504,3.191741705674027,1.3858341607951339,-7.8794623294561745,-2.382015616536121
HII,-0.0012903622211751218,-0.20605192652864726,0.20854318112215897,131.0,0.935364509538885,4.9383134108062805,6.668823987232177,2.2284130072259196,4.798627815353012,1.1164209911740524
HLT,0.004869221007357371,0.9979868439002612,0.5058570414701542,131.0,1.1326188207644212,7.675060803669743,2.337374509056932,1.0024783963784443,-4.594098109543563,-1.3718653317282414
HOLX,0.006652539225373421,1.1433160072457562,0.32634322075967204,131.0,0.4807417236966401,2.731639460991379,-7.351307441394122,-2.6437769730379945,-14.385192924018844,-3.601972702848893
HON,-0.0018697625982528865,-0.5701389574955139,0.6148322250318705,131.0,1.0824119820309457,10.912382033360206,1.5323570349452365,0.9777675173332301,0.5291724600917773,0.2350917396070064
HPQ,-0.0022313139619187733,-0.3685700270895584,0.3710174245437149,131.0,1.2819056074336788,7.000806925454643,2.583411775248186,0.8929648337799811,3.0828615415837306,0.7419236892956969
HRL,-0.001851610905607793,-0.35713571424157226,0.09744189412677062,131.0,0.5340666552715934,3.4057419406931064,2.5944736309413923,1.04716279445014,10.989249231426314,3.088143423790974
HSIC,-0.002734525178313273,-0.5258385790389419,0.3230862444035928,131.0,0.8004785638642236,5.089240177575808,-4.760106586727844,-1.915440148914613,-1.9423847388201574,-0.5441913857748605
HST,-0.010035659128677758,-1.8825435238800439,0.4853458408594876,131.0,1.330692232546996,8.252954818324444,5.044921732617209,1.9803180537029845,-0.09172886026012342,-0.025069808008594534
HSY,0.0019992522919195736,0.43839293360615217,0.08309562867498033,131.0,0.23122623225671765,1.6763541224362632,-3.818328367204087,-1.7520665824687125,-1.2913392693101668,-0.41255531559107367
HUBB,0.0011126005882688592,0.2180743066476656,0.4190915258508683,131.0,1.144859390364946,7.419080567643025,4.158495338180695,1.705622136045129,0.9622365588578342,0.2747849577494721
HUM,-0.00010930544853217029,-0.015668328107777314,0.17693775715711935,131.0,1.0840325727610367,5.137548092209818,6.8312523342456615,2.049097220205854,12.656903722613164,2.643347193801623
IBKR,0.010101205027803926,1.501090370774153,0.22690371631907646,131.0,0.9580981057836526,4.707348545753284,8.798177234684347,2.7359474333588047,2.6578739167664334,0.5754583743773177
IBM,-0.004435255211035153,-0.9122964857793805,0.3485453367600484,131.0,0.8332722998676767,5.666789149582001,2.3470039957547986,1.0102121924814038,-2.7342017577675857,-0.8193959853807778
ICE,0.0023988711590879007,0.5906105284186183,0.42845294746309703,131.0,0.8817473413491151,7.177465967155783,-2.582752372259882,-1.3306333997579836,0.6458390627365331,0.23166715067998128
IDXX,0.008707363344243525,1.424704493750975,0.4303540918852439,131.0,1.0311457214057846,5.578159042155803,-12.552317139111928,-4.297772473179369,-2.3601522558342674,-0.5626314880189472
IEX,-0.0017931605844774333,-0.4998348887537862,0.571574342424164,131.0,1.1846917487114765,10.918059782761075,1.5681741620521354,0.914709240590573,4.816053818270672,1.9558907857597698
IFF,-0.006919157471347291,-1.1776302307906459,0.3596839327443687,131.0,0.9777099616970465,5.5017201122898465,-4.198011993860706,-1.495136334978024,-3.744789100618147,-0.9286006466219422
INCY,-0.003926323792768738,-0.45716965187096553,0.14208841021929608,131.0,0.9086569269893876,3.498033340883813,-3.385330950204527,-0.8248477664817117,3.2679527446941856,0.5543868696859634
INTC,-0.009534801636340436,-1.3782140976717767,0.2769890223854825,131.0,1.2129466511615885,5.796681611687643,-2.6515235338159324,-0.8020139113855346,8.80759163417538,1.8548469593152646
IP,-0.005968669274336017,-1.082099190573795,0.4176994981977322,131.0,1.0411206277919849,6.240556648426563,0.1619616075889467,0.0614445015544601,-5.258764390235631,-1.3890540880754407
IT,0.005906816179600734,1.0792870114008712,0.46262593276735864,131.0,1.2375678364560285,7.476274354896634,0.7312847799675246,0.27960917569526755,-2.3603215393496084,-0.6283484540804756
ITW,-0.0009373394834693293,-0.29264550709088427,0.6686877006133022,131.0,1.1879019862787978,12.261914394459472,-0.25776105413787326,-0.168400601582175,1.0615788725374269,0.4828843194256855
PODD,0.011984479262811515,1.248460212421676,0.22457641578917886,131.0,0.8654553436950148,2.9808005887437408,-13.048936094095605,-2.844539912839927,-7.544638297760843,-1.145090596681089
INTU,0.007649473081098231,1.817320459192415,0.5516267330041358,131.0,1.1299261625471027,8.875294674456999,-3.869279482209487,-1.923585458415192,-0.6164459664814347,-0.21337370433367145
IPG,-0.004810167609077398,-0.9765390667929545,0.4418808128144295,131.0,1.153745987170765,7.7441247008834795,1.6625066910588886,0.7062756022538025,0.8834165240559783,0.2613008469686195
IQV,0.003027551938076759,0.5499053396357131,0.47064059886677245,131.0,1.1205288113293044,6.729024100406522,-4.909242298449235,-1.865916442260268,-5.602443864566971,-1.4825854534688825
IRM,0.005869410520612,1.0535754764720997,0.31874260866663084,131.0,0.7557641725384203,4.48528649631232,-6.9800272477304,-2.621861067783501,-4.029996450054745,-1.0539541473566687
ISRG,0.008072938486705485,1.4719187994067298,0.4784238252930745,131.0,1.4687825878054688,8.854059697054849,-1.957141118520502,-0.7467164862012085,7.177237329864882,1.9065816230202808
IVZ,-0.011094393177462613,-1.5443301059457102,0.41135081847407184,131.0,1.1533240168989738,5.307874458924963,-0.3100126760420182,-0.0903020119612232,-11.992006773350514,-2.4320602893356877
J,0.00023086113292776196,0.046859524702051736,0.35878034277230964,131.0,0.920026637001393,6.174192695369132,4.929239158123101,2.0936705114785887,-0.6328729077823839,-0.1871584534473777
JBHT,-0.003981684097762185,-0.8708009433702701,0.4870300098560768,131.0,1.2890490745898322,9.32082304935719,1.9967464821446939,0.9138110553998204,5.799149831520165,1.8478312454003385
JBL,0.007915592749794967,1.1692507656475981,0.3261719739881743,131.0,1.223875907156736,5.977152382761849,5.109352073466539,1.5793247470641218,0.43182270378869964,0.09293420321127387
JCI,-0.002909795502711361,-0.6004453711124007,0.500357028724709,131.0,1.0480241318444987,7.150148098091883,-3.1017386473854955,-1.3393609231066523,-5.827276040868234,-1.7519532404369822
JKHY,0.0012356897149021998,0.294357592484086,0.32803352698134847,131.0,0.8814889051106647,6.9424919092884805,-0.006300755955059808,-0.0031407969361580386,7.0265390752061085,2.438670712533372
JNJ,-0.002401690217250175,-0.6948430396922882,0.30320935250356273,131.0,0.6576814309387099,6.290975938373475,1.1197685387194827,0.6779214466688677,2.833055991196676,1.194182676461381
JPM,0.0025183716180969397,0.6255276321898524,0.5853183660502441,131.0,1.1076737879900356,9.09643630995235,7.744207342554941,4.025177577447282,-2.7913127371853297,-1.0101388320272504
K,-0.0012595473176053792,-0.259344097717341,0.12777611481601014,131.0,0.50722276945173,3.4529742823581406,-1.281562258712509,-0.5521829341172338,2.5123454010747692,0.7536802144544181
KDP,-0.001090746959719454,-0.1356971892292846,0.060789952357410915,131.0,0.5130534796574403,2.110290286172866,-2.4105608804411194,-0.6275471114905333,1.4275399200916357,0.25875037576880217
KEY,-0.003091867555140244,-0.45995273878291715,0.407714499330447,131.0,0.9906690694244262,4.8725202476373495,4.915450675843797,1.5301607561057287,-12.174872669702715,-2.6387767056962117
KIM,-0.004721735320127195,-0.7608494828989557,0.3977643272020096,131.0,0.9305121536438771,4.957376258079862,-5.63509410944734,-1.9001140713524827,-10.21167506648929,-2.3973971500967255
KKR,0.00438652505408274,0.7871803110870522,0.5755045142381862,131.0,1.4202914258449646,8.426821519103626,-4.507326631478228,-1.692598803889678,-7.056905827200022,-1.8450741198870169
KLAC,0.006993849026628782,1.1690795996218781,0.45303403212658233,131.0,1.5259496978650102,8.43336249409717,1.0307380861911148,0.3605433937994649,5.308690267545367,1.2928885906893641
KMB,-0.0034309826100374125,-0.8333418906256167,0.20045823296036125,131.0,0.5731485335521241,4.602614527150881,-1.8027770887255927,-0.9162798087419781,4.723977152866924,1.6717001129030102
KMI,-0.0056953893142276625,-0.9537816940254003,0.27491412898578804,131.0,0.665989368469538,3.687445282455322,-1.0417492565464805,-0.3650649645965299,-8.384796307367928,-2.0458037479138587
KR,0.0035029603675359624,0.5410079499238793,0.13116818228747218,131.0,0.8393180757527811,4.285758755723604,3.3683380618064054,1.088592870621845,10.330838242128198,2.324608766419962
L,-0.0010038211619931895,-0.2902102213427855,0.48632339202704045,131.0,0.6797176478165421,6.497071180905848,3.9745697387865904,2.404517093436446,-5.087852930553485,-2.1430721527066603
LDOS,0.001936141496800587,0.2932666905771576,0.23959370160534876,131.0,1.0185154445220792,5.100655423863542,4.181994034147645,1.3255326934243579,2.299705106688979,0.5075089216917479
LEN,0.002825225756746704,0.4577423571234362,0.5043847006711941,131.0,1.1350543894640766,6.080192632855966,-11.054872807565141,-3.7480302258997966,-10.7094235314943,-2.5280166236783264
LH,0.0036299654092236933,0.8279785073561875,0.5107846956613331,131.0,0.6510151721727276,4.909535544553666,-6.916002747785067,-3.301057762983473,-13.312734688586104,-4.424148953157165
LHX,0.0008136243921038391,0.1530459962736467,0.27118136137905213,131.0,0.9755217544437712,6.066911964629309,3.4779386066247264,1.368993272478273,5.541691821042142,1.5187499262055204
LII,0.00804797863677639,1.758343672257559,0.45349442415624386,131.0,0.9078114413677502,6.557606031273068,-5.2242511525275015,-2.3884842668647694,-3.382006182955427,-1.0765575021555804
LIN,0.0018449745461771284,0.5142173032066962,0.49321546308977304,131.0,0.8636944944143119,7.958829120081838,0.642873537277282,0.37494127026669366,-1.6267856953753979,-0.6605908272853732
LKQ,-0.006107358769556581,-1.1224641076709556,0.4800099218577727,131.0,1.188713152209897,7.223186350077764,1.3698199072465413,0.5268219881874764,-5.215537854807973,-1.3965742114878992
LLY,0.01661245552133821,2.654045449674966,0.0726446589870351,131.0,0.5715977021497348,3.019240582843962,1.3974961742551464,0.4672039887903013,7.673681982522178,1.7861758288251832
LMT,0.002534122489656463,0.5224405792970409,0.2130915877753362,131.0,0.7739988681909324,5.275727389834566,3.882075952003929,1.6747682418686036,5.035919763150501,1.5126344515823513
LOW,0.005032660426945982,0.9890538065510892,0.45048713817601005,131.0,1.0539266628904211,6.84802605666755,-2.3384526067015274,-0.9616836956800903,-3.768241977305008,-1.0789640150673816
LRCX,0.010735525732114056,1.5716688547694042,0.4295249780614879,131.0,1.5024799985785522,7.27242331689481,-3.200773260562287,-0.9805596763066985,0.9770353910586714,0.20839817513075432
LULU,0.01306606968776703,1.477389323897025,0.17608611800783547,131.0,0.8514729998766455,3.183124232636691,-3.805122431203443,-0.900326453447909,-5.511379666117981,-0.9079380193347965
LVS,-0.010951064586068654,-1.426482035267919,0.30017062720870913,131.0,1.3012680370972898,5.604146119057286,5.03534110636382,1.372524963357531,0.2243512367549661,0.04257790815472255
LYB,-0.007785366362987675,-1.3277856219309003,0.4105195692861239,131.0,1.074131788724026,6.0567437295516235,5.646628979984255,2.0152064735124404,-5.270925107034218,-1.3097295893402694
LYV,0.004026497622640949,0.6036851686906429,0.37316884288930596,131.0,1.4445391540559414,7.1605288464971855,3.9315233217155705,1.233460667207844,4.32790397607392,0.9453803305937651
MA,0.006065732693017816,1.4819104392190598,0.5112560192752396,131.0,1.087173330034588,8.78153023990756,0.3346504195826337,0.17108481055278207,0.5527776023071993,0.19675918453345792
MAR,0.004096486596130377,0.7571796207688568,0.5647028271450071,131.0,1.3644475282944828,8.338288912870919,5.1768693599427245,2.0023314726368993,-6.8320904799825835,-1.8398688819300348
MAS,0.0015513801083668326,0.3036547013691736,0.5104719406379525,131.0,1.2161733996707056,7.870276904318889,-4.401439086477638,-1.8027598468726884,-2.5605132545151648,-0.7301880239792736
MLM,0.004729101287108989,0.7518992871258607,0.2743991159920578,131.0,1.0353170889937067,5.442358689512912,2.7459613983835407,0.9136016490977283,1.3045438820172555,0.30219386011995486
MMC,0.004267566314178544,1.4155867326804756,0.5754267169853766,131.0,0.8502021517175629,9.324190257083021,-0.3696263766730789,-0.25656685464215695,-1.6390060757354108,-0.7921048186464711
MPC,0.004302014495809912,0.5690332080351206,0.43897279597487293,131.0,1.0859283138777185,4.748972130916312,6.178343902808357,1.7100909587667574,-16.718471350398655,-3.221871345771439
MTB,-0.0009936687692992524,-0.1767460677428597,0.33876456813756073,131.0,0.7534807964697776,4.431115086383038,6.5608600607532805,2.4420260049069755,-6.654586177011793,-1.7245471001658044
MAA,0.0027697781274504322,0.6826717323047141,0.4235239460556247,131.0,0.4798333321351305,3.910119890788573,-10.47058664667255,-5.400318116569202,-6.707532081892575,-2.408660462678262
MCD,0.003073535523665773,0.8467222846718395,0.3262899420549361,131.0,0.6097437311731504,5.553705143678544,-1.282310448900542,-0.7392261538210609,-0.8940124276427146,-0.3588328508229873
MCHP,-0.0012179694010303616,-0.19185896654377457,0.4587901613702705,131.0,1.2963512499044805,6.7515134229590785,-1.973261158500728,-0.6504466483505512,-6.4443021189052345,-1.4789977123873475
MCK,0.0025069545483595614,0.4181737902449552,0.2012646643112801,131.0,0.9004285844395524,4.965835672655479,6.332046852565159,2.2102218011845456,5.516363469078842,1.3406305424085283
MCO,0.004555997892190603,1.287830848386075,0.6801689174706351,131.0,1.211757546704478,11.3246232857389,-5.895583536869912,-3.4872533209550154,-0.9318174125894167,-0.3837532067785189
MDLZ,-0.002097785609973316,-0.5219732692645932,0.3003298722575657,131.0,0.7625978639857753,6.2735803839688105,-0.8011732466925384,-0.4171526331535212,5.199119456758317,1.884789455874568
MDT,-0.0038248367403890004,-0.9044694146679471,0.36120107967767723,131.0,0.7707402344650934,6.02589743435197,-3.5164139390790154,-1.7400525555129,0.435746932468414,0.15012783028308518
MET,-0.0025393650445235455,-0.5149159659771702,0.5013285622841426,131.0,1.0163227523377494,6.813583631463999,9.052030645050884,3.840949758479146,-5.600739785145394,-1.6546361298182701
META,0.013200181994497044,1.8007734837022518,0.2842193332955103,131.0,0.8323195883398404,3.75406687925742,-6.74410338691253,-1.925239560759064,-9.234578393198278,-1.8354481774682714
MGM,-0.007956128979173189,-1.073607944806339,0.5383806853904662,131.0,1.8728485302643603,8.355631485926498,4.713994084546636,1.3311111600699672,-6.282868200425677,-1.235229734704899
MHK,-0.008231821719341633,-1.0735226363110213,0.3468309980986254,131.0,1.250649888971205,5.392420123544713,-5.74254762271675,-1.5671163635487948,-4.109451881002322,-0.7808094058288454
MKC,0.0013282621245278136,0.28191498552289823,0.21314203841518442,131.0,0.6335074442477145,4.4454816015074,-2.8716103177220735,-1.275384891197975,2.9221255805814543,0.9036060617687013
MNST,0.0038524485629426158,0.6170512610025565,0.26723317064233176,131.0,1.0955047796034638,5.801381071352957,0.20771029302288538,0.06961836241589099,6.058029879404724,1.4137144364017178
MOH,0.008991446936559344,1.1064732217955713,0.16550621290685774,131.0,1.1682895044111499,4.753292269565284,2.2653909836293527,0.5833589692525023,14.249145882644266,2.55473608039644
MOS,-0.013751436090441908,-1.7090055587237427,0.405220611819064,131.0,1.6303701897759675,6.69906772000338,15.886475736559834,4.131467816572067,1.4252049832832527,0.2580587796917451
MPWR,0.013353042257556616,1.8677484848517871,0.3468890051625194,131.0,1.4246684276511163,6.588471791929318,-4.172316216369209,-1.221228061246556,8.297930117885679,1.6910397990382506
MRK,0.00031443637277021294,0.06726132138628149,0.13781388871416134,131.0,0.5641486948363903,3.9898716633054634,2.462783134493036,1.102402470398671,3.2693713089343217,1.0189262499570961
MS,0.002969565476594494,0.6004462491750218,0.5576377381806965,131.0,1.1498085869316768,7.686692360617556,2.7831544643839803,1.1776057854101218,-8.639135076100574,-2.5450562277241406
MSCI,0.01237813911865184,2.6533438887359764,0.5206234925837043,131.0,1.0623755209871653,7.529202158243801,-9.82232409993742,-4.405891836190002,1.4281247953858736,0.4460157831078245
MSFT,0.009267432111387228,2.3195768726688963,0.4885529062491607,131.0,1.1218772326492759,9.283834991089732,0.4288024762353936,0.2245887670898699,5.379533463471085,1.9617328139362369
MSI,0.009080490624747957,1.8772165276335053,0.32493837899416644,131.0,0.7859592334564872,5.372022176609375,-1.2720050836350711,-0.5502693098163473,-2.254213715623315,-0.6789628767646158
MTCH,0.0018203412766692702,0.18932047063872734,0.1941121780687899,131.0,0.836972782540853,2.8779869179355186,-12.434024619366486,-2.706062800164035,-3.7048170038668564,-0.5613806076475862
MTD,0.0017812851885726376,0.3734500185943567,0.522907870441494,131.0,1.3621667988334423,9.441957491915757,-3.909507255507147,-1.71515131968073,7.520258367136172,2.2970882308290306
MU,0.003421824202645582,0.3830386229266859,0.2787382234433401,131.0,1.3543486165409615,5.012427034052134,-1.7981874248642495,-0.42121246957431996,-1.8778531047416596,-0.3062614798381987
NCLH,-0.008143853826432674,-0.8028988465319515,0.4765767234235575,131.0,2.016617522771668,6.573355526440985,8.873089584062605,1.8305732847606873,-13.89754578998711,-1.9962497015541918
NDAQ,0.006388826697742841,1.548540511475407,0.42352745023659844,131.0,0.9003876592254093,7.215454945458027,-3.403290651006524,-1.726163360983703,2.1556393889034093,0.761243260833497
NDSN,0.0007544985762382256,0.15214391392156223,0.4064831101135985,131.0,1.0040145640948988,6.693740841920573,-2.172706968935004,-0.9168086598301458,-0.8776908857988283,-0.2578597960421108
NEE,0.006457500431868595,1.3410406389633633,0.24300459817297027,131.0,0.314327229444277,2.158202648637762,-10.26127180017484,-4.459232083770467,-2.4312914332106046,-0.7356316419153217
NEM,0.009056604671423106,0.9701417622690768,0.116404650992607,131.0,-0.06781900797111659,-0.24018945894887472,-16.468322898408516,-3.691480281503059,-12.005714503360855,-1.8737156646872042
NFLX,0.013940059139659473,1.3968173449989647,0.21730105808592948,131.0,1.5487299517431639,5.130780341577645,-0.48561285646015967,-0.10182315950384059,10.701704454277309,1.5623338505328321
NI,0.004617600044435657,1.1485458487653237,0.22133223946608493,131.0,0.33506302257483744,2.7554418252990063,-6.627109040202464,-3.4493521063230217,-1.7142273844029214,-0.6212212998233315
NKE,-0.0021060035877860086,-0.37473781677785717,0.32291783728423895,131.0,1.0322729580596908,6.072893816255704,-2.6387846698061086,-0.982547958464451,3.528061854303171,0.9146406364484401
NOC,0.005329405870120705,1.0700997876158198,0.1469257288242085,131.0,0.6566456755484713,4.359225064276368,4.954460531829474,2.08172445792953,5.8651613958240505,1.7158184595141843
NRG,0.006397939983986126,0.7162693784009452,0.17878205210690756,131.0,0.797738473792378,2.9527690663598616,-1.004570726327239,-0.2353412907870864,-8.378591620607654,-1.3666368678698606
NSC,-0.0017421952940385448,-0.36423897885115447,0.5470396910930616,131.0,1.1933535226738516,8.24881235748619,0.5848419863328707,0.25586419533648436,-5.2726440076685215,-1.6060679666509212
NTAP,-0.0020400934273674103,-0.3060277042661132,0.38415074141594796,131.0,1.4376069754510186,7.1299023291397,7.353455636446689,2.308253772567185,3.183517034846566,0.6957668811757883
NTRS,-0.004363673497685889,-0.9513578517007524,0.4920847879753848,131.0,1.0911138733277095,7.864922693614464,3.9480178768486667,1.801159441879092,-2.3410299716152854,-0.7436087975963372
NUE,-0.006565544116521565,-0.8967649821103085,0.4490046678734674,131.0,1.9872871781198316,8.974314173706922,9.046930057917104,2.5857738536138033,11.225430695487342,2.2338644495462385
NVDA,0.0350673796156544,3.6358444350856782,0.34968255219469824,131.0,2.004031633311919,6.869723735525923,-0.10019660721544962,-0.02173884089542391,8.845840704897062,1.3362477260401027
NVR,0.01036592593057795,2.1764325229229575,0.46416787999779674,131.0,0.6740289658882512,4.678949821920486,-10.383155243612805,-4.5619218684285965,-10.053027926641153,-3.0752461345745234
NWS,-0.003941750006258887,-0.6734219023921134,0.4789380487213435,131.0,1.307604128669329,7.385963634577005,1.6734312456192473,0.5982564970053448,-4.632060061535571,-1.1529705884330657
NWSA,-0.005194797629003041,-0.871653838742176,0.46786346380964683,131.0,1.3508599370305316,7.4940822771649716,2.396924934919849,0.8416106771101095,-3.079761198589445,-0.7529018132488073
NXPI,0.0033564328243087544,0.4823541603790503,0.3978077089061687,131.0,1.2789163350986112,6.076631843479336,-3.5968572711613103,-1.0816647167041702,-4.864679572733914,-1.0185637010851183
ODFL,0.00737515929003045,1.2216693697497545,0.37885786094179985,131.0,1.4035593443862555,7.686803548317856,1.598822953532393,0.5541968395295541,8.554993618996162,2.0646567336638864
OMC,-0.006349745095359512,-1.2454477792676062,0.3334673901656213,131.0,0.9769143805571355,6.335172656789841,1.9887910596227931,0.8162811731979763,1.7013571697369791,0.4861951401128481
ON,0.006556060227511677,0.7773198067732094,0.4221289955263766,131.0,1.7142706630236804,6.71999444391842,0.29436994521962023,0.07303510470354534,-4.6790120432220785,-0.8082707245461929
ORLY,0.009939599746313631,2.0509890666897026,0.342899857038637,131.0,0.8781722808638139,5.991104504371131,1.6974801646632365,0.732960459719554,-0.879878245994572,-0.26452268106925664
OXY,-0.002563715209443036,-0.2397398754668335,0.30573739480929485,131.0,0.8139124835186384,2.516407243755524,5.690269968653818,1.1134859891623827,-24.631948230582,-3.355947399579902
TAP,-0.005251270122631737,-0.831744699965915,0.22627133611196626,131.0,0.8561093442215378,4.48319513428717,-0.8955427899774698,-0.29682017365668933,-0.33478060006767013,-0.07725593506867794
DGX,0.004587931926218187,0.8610122609906901,0.3331702049980967,131.0,0.5318724003322483,3.3001413883742803,-5.288716800360972,-2.0769405825013094,-11.772641593125805,-3.2189347964566215
O,0.0002700438936819503,0.05921729516452668,0.4144491754878147,131.0,0.3185671070348036,2.3096589645340337,-13.946810970393445,-6.399860528462698,-11.348648342840221,-3.625803221865967
OKE,0.003896306323152944,0.5633741159037362,0.5220709507176243,131.0,0.703306856534584,3.362183164653113,-2.106454821026244,-0.6373490383073556,-29.744133414187825,-6.266008839333081
ORCL,0.0017127210357118206,0.36277805576289396,0.452037132080646,131.0,1.241735379395481,8.695932378309598,0.9410425826998751,0.4171046608657296,6.132852848128037,1.8926173107586306
PANW,0.0165935926785849,1.966280101999226,0.21106420652958469,131.0,1.1292040491085737,4.423948955967185,1.781433310749539,0.44172900560098155,0.12775181566304297,0.02205555175353048
PAYC,0.01785098532745161,1.5766137718606883,0.1648172795983679,131.0,1.0541306731716824,3.0781536544733106,-4.966334755442816,-0.9178685773695786,-6.421211256757127,-0.8262775777631135
PAYX,0.0015169557809987869,0.40218881580664534,0.48655209707962477,131.0,0.9184967142652484,8.051325721925933,0.3317680981832254,0.1840657908034704,-0.8407450028352561,-0.324763526974047
PCAR,-0.0011101669194855618,-0.22967646038071568,0.43429412333181683,131.0,1.1411724061100657,7.805705963322929,3.536758451331517,1.53114032332614,1.703665117566103,0.5135211345329398
PCG,-2.6899997964940684e-05,-0.002319639236719086,0.1264908923599063,131.0,0.35794818927852934,1.0205189898297744,-1.5272889935429983,-0.2755946679339231,-19.49034622265694,-2.4486890519440387
PEG,0.004035879985630289,0.9392669690516643,0.2477805729801289,131.0,0.366428976581972,2.81950804343955,-5.279470860192172,-2.571121461821503,-6.29268009209275,-2.1336950358385205
PEP,-0.0001983667330094121,-0.061847185451287555,0.3188473678369239,131.0,0.5262796035975223,5.4250077153429626,-2.1746056827005513,-1.4187733037637247,-0.21166336838159108,-0.0961485389893559
PFE,-0.00586939952133804,-1.1194449180603896,0.18455221279326317,131.0,0.6620075500259489,4.174502455658191,-0.034614211270446636,-0.0138148090563509,0.9919237384816696,0.27563427895509557
PFG,-0.004042596345482668,-0.8361409861026439,0.566487209790822,131.0,1.177655755674004,8.05323205958105,5.418764092826124,2.3453127645037175,-7.16778134162053,-2.159980190185109
PG,0.0015931810227291195,0.4238658608460698,0.18145607929973984,131.0,0.46376312875789283,4.079362066474264,-1.5543972070388516,-0.8653797156392268,1.648673488868579,0.6390632668682528
PGR,0.012545688200634925,2.6150807853515508,0.1555192100508005,131.0,0.6479608138088383,4.465520461345457,3.61487810327206,1.5767602639636962,5.019166629978335,1.5242918247618575
PH,0.002732930688977573,0.6040674943307046,0.6320963716763768,131.0,1.423462676568039,10.402450426605299,4.117629052326281,1.904519650800324,-3.5109867765891596,-1.1306597423728686
PHM,0.009341859484644312,1.4272213352525625,0.46216406057880055,131.0,0.8168073366317137,4.12582069768148,-14.139019870106496,-4.520210847969542,-17.200179539968076,-3.8285724107153363
PKG,0.0007996941472100842,0.15350292501202692,0.4081159959043694,131.0,1.1591317451381449,7.356280138280987,2.290678839173217,0.9201069931696744,1.5585402243783677,0.43586966016583856
PLD,0.0002374909621442958,0.05435929080614819,0.5355028245144877,131.0,0.9722543682152298,7.357653303344366,-9.820585465781095,-4.703763355255234,-1.1738645680494393,-0.39146286995730345
PM,-0.0024809936689526506,-0.47892387598487357,0.22751321426226023,131.0,0.7444275540962816,4.751119936543873,1.2115265854768584,0.4893900902081966,0.7104440392869081,0.19980971205717696
PNC,-0.0007563802850492951,-0.15591835735785556,0.4877310931508174,131.0,1.0149661233595972,6.917374980870472,4.010657726042693,1.7300316179190924,-6.133412225429653,-1.8420655955472311
PNR,-0.0015953310246665236,-0.3298626708964804,0.5073747033714846,131.0,0.9632983910993546,6.5853053387158,-3.0076524107103983,-1.3013418421416443,-8.960823644748293,-2.699455525896117
PNW,0.002253341125033832,0.4636453791663036,0.18122579558908203,131.0,0.20128307484605662,1.3693011492015377,-8.555088647926809,-3.683535813302487,-5.8412022177072505,-1.7510845685621472
POOL,0.008056324680973516,1.3642814428487793,0.32911322559223366,131.0,0.8738218870898542,4.892407816430883,-7.624107919406403,-2.701701949124045,-1.9052235754954638,-0.47006600540905946
PPG,-0.007257629266277502,-1.7627463131682546,0.5864985332518197,131.0,1.182957748115324,9.49941781772506,-0.7696572417623023,-0.3911774262549036,-2.3970888554638754,-0.8482523168043664
PPL,-0.0047558568951894,-1.1576332684043453,0.3578601831449404,131.0,0.6858678271219802,5.519698726731527,-2.6566961038281383,-1.3532109070624156,-2.575902081117628,-0.9135187328755973
PRU,-0.007277368111582919,-1.7662421830541695,0.6833299930533923,131.0,1.345183842771002,10.79419534224706,11.242507189615418,5.709794435767354,-4.310231402584826,-1.5241313020446496
PSA,0.0005936975633002273,0.12533269761875265,0.278736991881783,131.0,0.5371460619197749,3.749075949518253,-8.465699471229636,-3.7397567761834543,2.109393286766481,0.6487876390689615
PSKY,-0.015684480329129787,-1.6816492908913727,0.34428622811846665,131.0,1.0699706617292362,3.792886839998186,-5.347064930118467,-1.199670948904551,-19.070145753557394,-2.97896357889153
PSX,-0.004107677243533281,-0.5923741779181229,0.3687425199824981,131.0,1.188748250291212,5.6679031317211725,6.150237333454754,1.8559790596114143,-5.023736052437773,-1.0555346803929222
PTC,0.0040232597372350035,0.7039208396198819,0.40143018014242515,131.0,1.1951541117057807,6.913570297832638,1.2050235191373535,0.4411869570120923,-0.3373988068591719,-0.08600727354799866
PWR,0.010236119216556766,1.600156591532068,0.3351684000543662,131.0,1.1301351013408596,5.841040737306153,5.21259590524184,1.705150032953683,-1.122860957777092,-0.25574021007706077
QCOM,-0.0016316696515759387,-0.20177862446335826,0.30720333259809784,131.0,1.2703527532088044,5.193976447126157,-4.386908299096225,-1.1352274064000663,-2.137092760121999,-0.385045613995762
REG,-0.0016987471791271034,-0.35604351010081947,0.4363958257084919,131.0,0.6887967843509532,4.773073893556647,-6.5032122740123555,-2.852224100951703,-10.267203143921435,-3.1352513737982823
REGN,0.003364155520094524,0.41662226580184114,0.07646159179343515,131.0,0.7105932140645677,2.9095122460520773,-0.04756714326923003,-0.012326928350263723,9.899160607716956,1.7861201463864491
RF,-0.0008114337760365924,-0.13267127130856213,0.4728289092863879,131.0,1.1695649160024513,6.322383901003145,8.119670170580322,2.778072575576153,-8.258995695549643,-1.9674193375982105
RJF,0.0025433578911485755,0.5389205452387416,0.5502014924261547,131.0,1.228116585067923,8.60378564311434,10.641158095368853,4.718321709631019,-1.4438270262167312,-0.4457366217714362
RL,-0.0030394854613267817,-0.40437937731245654,0.33873720996289347,131.0,1.1198756567685886,4.9259665073895835,-0.34673545368489284,-0.09653139204096779,-8.357838164027951,-1.6200513216899353
RMD,0.012304569711519513,1.9978052780106659,0.2522926264889215,131.0,0.24717342710017426,1.326848157796279,-14.375246950406943,-4.8840874213156855,-9.53875028063333,-2.256441564066694
ROK,-0.0035698626469456794,-0.725640373045304,0.553961650074563,131.0,1.412088198095831,9.489962059919735,2.2118990784271024,0.9408418531689602,-0.06223771726386699,-0.018431873161029975
ROL,0.006666353203145531,1.3116027697051114,0.2250542642836324,131.0,0.7901882237389726,5.1401675972633365,-1.6306192479546087,-0.6713484014068523,7.233707864853208,2.0735802950051077
ROP,0.0009166639805511859,0.25584761641539644,0.5709628003154863,131.0,1.1072360381840076,10.217488157928164,-0.014547681510054698,-0.008496623669810358,2.066088661293331,0.8401678322964024
RSG,0.008827469781781542,2.785058145594731,0.4134739374240879,131.0,0.5681711533698844,5.926658848995086,-1.3477968086890928,-0.8898234372480198,-3.5293625508373285,-1.6223336893356466
RTX,-0.002821658363450648,-0.5419306050522007,0.3550087185110017,131.0,0.8674887165374494,5.508531085167195,3.249256935994159,1.3058842763734713,-3.9460569224971516,-1.1042018758842504
RVTY,0.00027284711900746653,0.04974199205445937,0.412184641931187,131.0,0.9786851867075165,5.899015507536421,-7.677772748714829,-2.929007235669428,-2.7652241647501885,-0.7344800963059519
CRM,0.003331193042460128,0.514469146700471,0.38179400919368744,131.0,1.407600590436356,7.187398023731615,-0.9607137306895798,-0.31048092346020345,5.206015345094075,1.171415225256271
LUV,-0.005699417511305151,-0.7612373356247988,0.30306739368500313,131.0,1.4468514322392954,6.3891968403107455,4.60661085027277,1.287515671730377,6.702135500920479,1.3042135219178668
NOW,0.01578916341472938,2.32505610541212,0.29441621335453094,131.0,0.968242771145364,4.714018715381527,-4.210794803118065,-1.2975371037294445,-3.9252909247377814,-0.8421550443279334
RCL,0.0033127909342631125,0.3477465280984644,0.47733238022265256,131.0,2.076368800128507,7.206194663835575,9.486722227738042,2.0838494897607864,-7.994270826939903,-1.2226256906373227
ROST,0.004366377873116466,0.7880375014142067,0.3496966636982143,131.0,0.9736467391116604,5.809780212322731,-1.0964169189822424,-0.4140785044799775,-2.086512678549548,-0.5486463349225359
SBAC,0.0027693649177001375,0.5351895194987124,0.3455227022746048,131.0,0.49416828150497255,3.1574392397555355,-13.357313383020108,-5.401668386209008,-2.523908448439842,-0.7106354980111365
SBUX,0.0017475323982931383,0.3444163510772251,0.3096589230064155,131.0,0.7167492429585669,4.67044744737271,-5.360689362453073,-2.210856509807576,-2.7167364954447324,-0.7801029651584609
SHW,0.004120277177659181,0.8894366196869158,0.5285221683158555,131.0,1.1858881319558627,8.463792699396759,-4.788377644340873,-2.163009155430272,-0.10030316386369946,-0.03154634816611025
SJM,-0.0031517859957313436,-0.6543342704947417,0.12264650122815868,131.0,0.4980794440880027,3.4188046468202975,-1.6064670666066656,-0.6979047622814012,6.7463388432235725,2.040595771110337
SLB,-0.013238760524098265,-1.6758690359242585,0.44679065119443395,131.0,1.4098369474615948,5.900575341166637,11.992212178698146,3.176679819913929,-9.715976651169004,-1.791946748454211
SMCI,0.0191155254187516,1.1631548625842882,0.09544791607014269,131.0,1.7127866681580688,3.4457780192302443,11.35445456183621,1.4457691958341945,15.368983949951534,1.3625183013276554
SNA,0.001027753410909522,0.22614208259378232,0.47583937165538837,131.0,1.067840711282101,7.768401374023787,4.113346161273632,1.8939526172607868,-1.5373934712843065,-0.492859780806082
SNPS,0.009792480454565239,2.0575892207184605,0.4840068994844441,131.0,1.2182377994575495,8.463124989752885,-3.6019630424014384,-1.5837499160305692,4.3139556257461456,1.3206493524467144
SO,0.0034218626080375633,0.7899664605715325,0.17271928192623232,131.0,0.21621384768460852,1.6502977662804097,-6.134415452470449,-2.963470850274467,-5.669616529019322,-1.9069778877610006
SPG,-0.0029283972231983943,-0.49897181593989604,0.505918739354093,131.0,0.8647448372875297,4.871545111587902,-6.693492704085614,-2.386603170287155,-18.31380005127763,-4.546428693172156
SPGI,0.006408264533676004,1.644538415286371,0.5891908146882108,131.0,1.0115179870588555,8.58242314565984,-6.709792581876825,-3.603247354536702,-3.2248960304154246,-1.2057720033023378
SRE,0.0004547876354007081,0.11545040062628187,0.3447580527367492,131.0,0.5104699699459985,4.284397088674598,-4.888902151438583,-2.597045332450631,-5.410074461830413,-2.000948563004538
STE,0.0049359591976640685,1.0717380199464281,0.39889873908919804,131.0,0.8316259983660672,5.970048454276173,-7.032927617415731,-3.1954690388536173,0.6162870061241337,0.19496020561789065
STLD,0.003701190316790196,0.4955402916484835,0.4082864710609062,131.0,1.7365498631988543,7.687011566102172,13.161631389058142,3.687471463611312,6.904034417055696,1.3467481543532998
STT,-0.007352033291271119,-1.4233365842957495,0.5677069311837069,131.0,1.4405450049627047,9.220610987627337,5.855837146242749,2.372305016916498,-2.6471197031726246,-0.7466543754574066
STX,-0.0051709734173615105,-0.6243640165805187,0.28186509590232967,131.0,1.5202378613409127,6.0688978351926215,-1.078122482134762,-0.27240498621697923,10.841574465252222,1.9072332271067158
SW,0.00038644668323837184,0.05824431423168518,0.2890685662208462,131.0,0.955547565325121,4.7615569592774944,-3.282156406010933,-1.0351531655725754,-3.4088129464401478,-0.748536546501393
SWK,-0.006506161962718818,-1.1180989939056931,0.43935505254382057,131.0,1.02732233503309,5.837069148378378,-4.561694702388792,-1.6404499788217024,-8.50925063588049,-2.130554208957256
SWKS,0.002411856479911157,0.3218262951942224,0.27648973075926175,131.0,1.0264939978844227,4.528550347926044,-5.167541276571501,-1.442897259944739,-3.5339588624773564,-0.6870327517327101
SYK,0.00394477667596199,0.9654963363216528,0.4361616933054997,131.0,0.9469311069117661,7.662655722575938,-1.5171232273821933,-0.7770168837548731,1.9488786053869733,0.6949585189176397
SYY,-0.0010530466801660747,-0.19905832399949083,0.3448676378628901,131.0,0.9375101095524347,5.859241531442336,1.5893363980749595,0.62868042633686,-1.7996374050227955,-0.49563688363266795
TDG,0.009947409347182672,1.745217496305427,0.4503778846685971,131.0,0.928131603110311,5.383712386498093,-5.386254425844256,-1.9774605215416519,-11.282998658250314,-2.8840978531318546
TDY,0.0037406545604847935,0.8220913298994054,0.44660025707999873,131.0,1.0912917043768124,7.92950430635919,0.4807620774758909,0.2210976144633423,1.6924561212943168,0.541920735041802
TEL,-0.0022971725662682303,-0.6007353028803949,0.6315708471139914,131.0,1.189318438529434,10.283013522874281,-1.7741508269332453,-0.9708708484579455,-2.804596669549541,-1.0685770286744385
TER,0.0048226329128258265,0.6298457601084078,0.37807131948784845,131.0,1.6115613653952727,6.958723386238077,-1.4608456451822573,-0.3992415421024569,4.340026861913909,0.8258255371237733
TGT,0.0012002546347496816,0.17555364205278393,0.2418531612651792,131.0,0.8840542066308741,4.275117628741857,-2.7432761308751843,-0.8396288768401741,-2.799567659761325,-0.596586342062328
TJX,0.0040509365679516265,0.9383987329840954,0.37051657963596685,131.0,0.8461648214623422,6.480666269763977,-0.39019418685549245,-0.18914469046835988,0.10690139286084674,0.03607955898142542
TKO,0.010465780427946174,1.0170535553938531,0.17191005902418943,131.0,1.1017335621920827,3.53982265544147,6.4657719443509905,1.3148432328125348,-2.738888818441046,-0.387786327614171
TMO,0.005137022858479669,1.1947583771378736,0.40907033793331715,131.0,0.7883707460938588,6.062221608738724,-5.304732615652566,-2.5817457692182955,-1.743532039848076,-0.5908053306190323
TMUS,0.010893218180897878,2.0510351328901852,0.12554262022562301,131.0,0.5522889748969504,3.4380801159648127,-1.1939112921339887,-0.47040328607642284,2.6487807041864913,0.7266224099388112
TPL,0.022474422712198662,1.948293710071773,0.2759642837396241,131.0,1.5589002599963886,4.468038785450622,11.42828439358781,2.0731384781789184,-6.554114881270224,-0.8278007572869819
TPR,-0.0018560160473731584,-0.20717390339195313,0.29614292621117644,131.0,1.1234525122762358,4.146109456240204,-0.10858579917963851,-0.025363415926778637,-11.40397140733584,-1.8546216623702563
TRGP,0.008567802943478382,0.8300073779632625,0.5025773637747689,131.0,1.1764641200462622,3.7681127700581523,2.3682532447681908,0.48008928620931374,-38.35292119306837,-5.4132342145186625
TROW,-0.006061203972930074,-1.5179762317150138,0.6346814569789481,131.0,1.1633485498659812,9.632713569368867,-3.871733736997634,-2.0290509142351185,-5.245534158278362,-1.9139988752224077
TRV,0.002242303083578004,0.5310103312422559,0.33736730950337857,131.0,0.7198163144359191,5.635897210832226,2.845223776094862,1.4099589722055321,-1.7766703745311319,-0.6130013115971241
TSCO,0.0032022914527995274,0.5652937523750013,0.2911883088307098,131.0,0.9870779797719358,5.760995216281213,3.6588194197520973,1.351561134457839,1.812545507682433,0.4661740937677077
TSLA,0.02484544679255402,1.7175148453603748,0.21019627863268509,131.0,1.743498843603236,3.984814176525339,-2.044256384217718,-0.29571301620489615,-5.401409496567312,-0.5440097441646551
TT,0.008726254303395024,1.9304955720852088,0.5020693201763247,131.0,0.9663904463251807,7.068484241231977,-2.5092570807531858,-1.1616291258878795,-6.047736429665567,-1.9493045064362085
TTWO,0.010554135096568345,1.55337970737536,0.2483243319048356,131.0,1.0398392267052585,5.060039378694443,-4.826238658278758,-1.4864323967405464,9.575876841397916,2.053427702764445
TXN,0.0030112403129835905,0.7530997693586026,0.5146462401970014,131.0,1.0281988350290934,8.50191830916063,-1.8477557606537771,-0.9670146494647818,-0.20820891117475815,-0.07586689293139645
TXT,-0.004748438955556513,-0.9435171537344784,0.5667898235776752,131.0,1.4700360888561483,9.657387535903496,6.889015970428038,2.8644254410738137,-0.18047737857314228,-0.05224775110108371
DIS,-0.007254299262455724,-1.3229089057617849,0.46744167972741446,131.0,1.415590004229299,8.535022717412316,3.3201049210983524,1.266973906416346,3.309261896113625,0.8792482199494231
GWW,0.0024405617433938174,0.4542154039980432,0.40957629082794256,131.0,1.2161295900824804,7.483153198855557,5.071763332295105,1.9752061470366593,2.2779591786226434,0.6176804885865242
TFC,-0.004384168211366941,-0.8148224232973745,0.4309871845833725,131.0,0.8362379108493007,5.1385233831477715,2.802953819907292,1.090116957623481,-10.500949191968498,-2.8434801895880035
TRMB,-0.007858092176921698,-1.3665501215586167,0.5783303275744084,131.0,1.9373516924535394,11.139087983963728,4.696396228963266,1.7090492050804962,7.750367882747405,1.9637068280351921
TSN,-0.0008438675034920997,-0.13612389896879243,0.1758669541741309,131.0,0.6305472484407484,3.3628730553062938,-4.949988329542146,-1.670881620176418,-0.5144474115038518,-0.12090575961621808
TYL,0.008570778594206631,1.3957900401941785,0.21479668705157906,131.0,0.6823016285486677,3.6737444942248545,-4.464430437453213,-1.521413511554911,-2.9216505355605094,-0.693224611705956
UAL,0.000741397216949706,0.07814874503466555,0.28130098221754785,131.0,1.2920411839735753,4.502773851681026,11.874230675946764,2.6191352644893144,-4.432039770380773,-0.680644895887294
UDR,0.0006126357013653866,0.1478275925396466,0.39956755509701647,131.0,0.46691692767117954,3.7249937057109737,-9.437268312581455,-4.765197386463998,-7.619895589559248,-2.678848230964028
UHS,-0.0021328566982851383,-0.3235505037825308,0.3414198721875952,131.0,1.2092408474030365,6.064931969046032,-1.7769130302737917,-0.5640634573099793,0.5689382595450161,0.1257452039402909
ULTA,0.0065050791050564735,0.8646842889636531,0.3005026925873271,131.0,1.0911298358408208,4.795281851699991,2.61149667958562,0.7264000302182798,-5.732924723042084,-1.1102661819265116
UNH,0.007938811877319672,1.6971543072259883,0.24804998183544313,131.0,0.8441049559951221,5.966161312700547,3.5206531398397227,1.5749633404894552,6.422767145247663,2.0004784786177585
UNP,-0.0009441220000482599,-0.21828358147406574,0.480149301857572,131.0,1.0351671553728894,7.912908768043755,0.1912012149897917,0.09250495377850414,-1.0814924437655036,-0.3643026488762569
UPS,-0.0077580025530161,-1.4997306542700541,0.40589514245878733,131.0,1.271104942838338,8.124141507214844,1.1366550766098924,0.45980473150796763,7.8853301224534835,2.2209005761668457
URI,0.0052894886693318965,0.672340454508115,0.5204804840433004,131.0,2.012204541485165,8.456300327784291,10.141678711044026,2.6975331466972077,-2.6647566972776406,-0.49349073237188873
USB,-0.0048224385759073965,-0.943186105738878,0.43182931060824536,131.0,0.88549483465414,5.725974947012329,2.0977365181763017,0.8585449106418711,-7.9333467140300415,-2.260648345948061
V,0.004817020921323477,1.3017967438678382,0.503606730549035,131.0,1.0315728119183365,9.21716277753339,0.5511078151465243,0.31166110619100595,3.095217738224544,1.218713832651878
VLO,0.0004641634700152828,0.05578698943314354,0.35787015472756145,131.0,1.2463746830656293,4.952714655602655,8.833291630459277,2.2216003008910112,-8.987621485885054,-1.5738111842927445
VMC,0.0035927790550986318,0.6923557086716967,0.2945558909802878,131.0,0.9456954329354149,6.025356953773773,1.3354232385685336,0.5385165890320888,3.265733462250298,0.9169072146259417
VRSK,0.005518460310052715,1.2170224790407642,0.33652218127795264,131.0,0.7070803102101596,5.1556347462244965,-2.9163586653889646,-1.3458696524916054,-3.1988328168516174,-1.0278224653115229
VRSN,0.0010108868724596903,0.20437868006633544,0.36757805311403846,131.0,1.087027970898086,7.266185387303512,-1.3613260156946418,-0.5759391050155778,7.398765507883686,2.1794062050551357
VRTX,0.0055765245498165745,0.7471979908777595,0.1579480713171788,131.0,1.0756453901753866,4.765120844341706,4.8639998280174845,1.3637884800224926,12.202551238055642,2.3821472499751066
VTR,-0.0010623641219637964,-0.17777118096898953,0.4638446628871786,131.0,0.3090956361778296,1.7100686979427389,-15.982817772768794,-5.59657978957538,-25.124164933162362,-6.125273490188227
VTRS,-0.01703405843728956,-2.175639380407195,0.27972205446133325,131.0,1.2634381659008271,5.3352588131800225,3.4961010404141897,0.9344028270818009,0.12296306063662518,0.022881754907159983
VZ,-0.00573011814638032,-1.3616746982209507,0.18494111655206158,131.0,0.4812828016841563,3.7813149826404406,-3.4611820726096574,-1.7211377355007325,2.395385975649488,0.829337265164066
WAB,-0.0011735485662717339,-0.2181683656361187,0.5079395703880427,131.0,1.2234045462109875,7.519578935034472,4.872560234990528,1.895524129868649,-5.633810374908282,-1.5259447970850046
WAT,0.002128052006360184,0.37346484446224054,0.3620822498802938,131.0,1.0227401139964227,5.934245388376643,-6.327334250231174,-2.323644345543067,1.7992980641160798,0.46006213275296554
WBD,-0.01788062485917093,-1.7743977512954359,0.25920798770934317,131.0,1.5870055411077268,5.206902571110436,3.2490606303568925,0.6746950007860604,1.750858714533623,0.25314262275372124
WDAY,0.00028996520774886997,0.035212807143660395,0.31673001793337063,131.0,1.4116943936178363,5.667978166419348,-0.6182511935491749,-0.15710901661223867,-0.6403664612267507,-0.11329982043840618
WDC,-0.00990629268350488,-1.0899774483589812,0.3038644372681517,131.0,1.464973676076681,5.329284432603566,-1.0842860506966037,-0.24965002716896353,-2.3056196345332616,-0.3696067600121665
WEC,0.004367805823161137,1.0009648151339137,0.20560249143206177,131.0,0.20140825941822893,1.5260384870373647,-9.000645748867292,-4.316289318664169,-2.570336895702255,-0.8582057613949624
WELL,0.004498757587090067,0.8980931852039156,0.43706864401331735,131.0,0.3294269851339339,2.1743061892811495,-12.532763838299845,-5.235486627580357,-18.07140166833351,-5.256135279547941
WFC,-0.004453934654471954,-0.8189987891819955,0.4516214173733638,131.0,1.1101167689385165,6.749021368588654,7.894899670166129,3.0378576788341767,-3.7881623103379307,-1.014878107054596
WM,0.006808654560819197,1.9378407485996807,0.39206272245558726,131.0,0.5898401297681505,5.550394105445311,-1.732548798397769,-1.0318668219566494,-4.055873777715668,-1.6818493848571905
WMB,-0.004151460637078676,-0.5939030728011824,0.3722763587013165,131.0,1.108952559793725,5.245179282517816,6.742082234306784,2.0183202750912153,-7.464983535082563,-1.5559276139706872
WMT,0.004816415776513966,1.0863197195245424,0.16874166791263412,131.0,0.589892175823923,4.398848961133299,0.24737503456816978,0.11675378010699541,3.6780763188106187,1.2086493306522708
WRB,0.0075644146735568026,1.7646429630992388,0.30736089628818697,131.0,0.592714636012945,4.571512306935221,2.939002476588188,1.4347058262751984,-4.065609628655468,-1.3818251187064634
WSM,0.009446052920574587,1.0753679949193957,0.3250798590027316,131.0,1.176465682424965,4.4281132282683,-2.886689287146848,-0.6876828010012241,-11.855267351260228,-1.9663642570433897
WST,0.00762933508793673,1.3022912991205886,0.3553061875618283,131.0,1.0339656319844872,5.835260839607934,-5.596164977396441,-1.9989104936760433,0.5037204135791257,0.12527282949156426
WTW,0.0011956385630221777,0.2741694335408425,0.32288846603755594,131.0,0.7841789507803477,5.945207582563372,2.378996765062978,1.1415484850380262,0.23525923544472677,0.07859803501911038
WY,-0.008548815354056058,-1.639146949553063,0.5736727960653705,131.0,1.2010575537292478,7.613923228442076,-4.156888209152188,-1.6678680444932583,-10.532799246811127,-2.9423995548110504
WYNN,-0.014030457079558488,-1.4709811528996402,0.3781491570447394,131.0,1.630254840904759,5.650976598265015,2.9279624170332705,0.6423654532886267,-9.18352830087214,-1.402783807018486
XEL,0.004164540909113607,1.0091171320160484,0.1987213188783109,131.0,0.2588337746606752,2.073614944542039,-7.499153378701254,-3.8024899307998017,-1.123604312478664,-0.39667399551360977
XYL,0.0005457258289858658,0.1165645546840101,0.4680329022697238,131.0,1.1560669322764452,8.164088429505007,0.5149335725352666,0.2301572167755343,1.1515105339857945,0.35834867365350964
YUM,0.002037993251316158,0.4517914502212921,0.4090714436847698,131.0,0.7368354968907593,5.4005566714833035,-3.4340450782029337,-1.5930252073865838,-6.524011089633823,-2.1071518975452546
ZBH,-0.0042146891863486385,-0.8766976197044432,0.45348764145901543,131.0,0.7450861536322645,5.12416951915814,-2.6073507096112065,-1.1349196497773155,-11.140305766994489,-3.3761930538846414
ZBRA,0.005225116239784036,0.6746189197804872,0.41304224572070836,131.0,1.6196265240096532,6.913694139231507,-0.619449621988757,-0.16735933536751726,-1.390970782759239,-0.26165344358159387
ZTS,0.007062100394222377,1.5203193160759556,0.38250140443486913,131.0,0.7461218866395458,5.310597998888391,-6.9692269892387015,-3.1395465428541955,-2.6157254440112934,-0.8204251585488627
